<?xml version="1.0" encoding="utf-8"?>
<extension version="2.5" type="plugin" group="socialpromoter" method="upgrade">
    <name>SocialPromoter Facebook</name>
    <author>Daniel Eliasson (daniel at stilero.co)></author>
    <creationDate>2013-dec-26</creationDate>
    <copyright>Copyright (c) 2013-dec-26 Stilero Webdesign (http://www.stilero.com). All rights reserved.</copyright>
    <authorEmail>joomla@stilero.com</authorEmail>
    <authorUrl>www.stilero.com</authorUrl>
    <version>1.0</version>
    <license>GPLv2</license>
    <description>Facebook plugin for Social Promoter</description>
    <media destination="stilerospfacebook">
        <folder>assets</folder>
    </media>
    <files>
        <filename plugin="stilerospfacebook">stilerospfacebook.php</filename>
        <filename>index.html</filename>
        <folder>elements</folder>
        <folder>helpers</folder>
        <folder>library</folder>
    </files>
    <languages folder="language">
        <language tag="en-GB">en-GB.plg_socialpromoter_stilerospfacebook.ini</language>
        <language tag="en-GB">en-GB.plg_socialpromoter_stilerospfacebook.sys.ini</language>
        <language tag="sv-SE">sv-SE.plg_socialpromoter_stilerospfacebook.ini</language>
        <language tag="fr-FR">fr-FR.plg_socialpromoter_stilerospfacebook.ini</language>
    </languages>
    <!-- Standard plugin parameters for Joomla! 1.6+ -->
    <config>
        <fields name="params">
            <fieldset name="basic" label="PLG_SYSTEM_STILEROSPFACEBOOK_SETTINGS">
                <field name="desc_suffix" type="text" required="false" default="" label="PLG_SYSTEM_STILEROSPFACEBOOK_DESC_SUFFIX" description="PLG_SYSTEM_STILEROSPFACEBOOK_DESC_SUFFIX_DESC"/>
            </fieldset>
            <fieldset name="advanced" label="PLG_SYSTEM_STILEROSPFACEBOOK_FBSETTINGS" addfieldpath="/plugins/socialpromoter/stilerospfacebook/elements">
                <field name="register" type="register" label="" />
                <field name="fb_app_id" type="text" required="true" default="" label="PLG_SYSTEM_STILEROSPFACEBOOK_APPID" description="PLG_SYSTEM_STILEROSPFACEBOOK_APPID_DESC"/>
                <field name="fb_app_secret" type="password" required="true" default="" label="PLG_SYSTEM_STILEROSPFACEBOOK_APPSECRET" description="PLG_SYSTEM_STILEROSPFACEBOOK_APPSECRET_DESC"/>
                <field name="auth_token" type="hidden"  default="" label="PLG_SYSTEM_STILEROSPFACEBOOK_AUTHTOKEN" description="PLG_SYSTEM_STILEROSPFACEBOOK_AUTHTOKEN_DESC"/>
                <field name="auth_code" type="hidden"  default="" label="PLG_SYSTEM_STILEROSPFACEBOOK_AUTHCODE" description="PLG_SYSTEM_STILEROSPFACEBOOK_AUTHCODE_DESC"/>
                <field name="authorize" type="authorize" label="" />
                <field name="fbadmin" type="fbadmin" label="" />
                <field name="fbadmin_id" type="hidden" />
                <field name="fb_pages" type="fbpages"  default="" label="PLG_SYSTEM_STILEROSPFACEBOOK_PAGEID" description="PLG_SYSTEM_STILEROSPFACEBOOK_PAGEID_DESC"/>
                <field name="fb_page_id" type="hidden"  default="" label="PLG_SYSTEM_STILEROSPFACEBOOK_PAGEID" description="PLG_SYSTEM_STILEROSPFACEBOOK_PAGEID_DESC"/>
                <field name="fbpage_auth_token" type="hidden"  default="" label="PLG_SYSTEM_STILEROSPFACEBOOK_AUTHTOKEN" description="PLG_SYSTEM_STILEROSPFACEBOOK_AUTHTOKEN_DESC"/>
            </fieldset>
        </fields>
    </config>
    <administration>
        <languages folder="language">
            <language tag="en-GB">en-GB.plg_socialpromoter_stilerospfacebook.ini</language>
            <language tag="en-GB">en-GB.plg_socialpromoter_stilerospfacebook.sys.ini</language>
            <language tag="sv-SE">sv-SE.plg_socialpromoter_stilerospfacebook.sys.ini</language>
            <language tag="sv-SE">sv-SE.plg_socialpromoter_stilerospfacebook.ini</language>
            <language tag="fr-FR">fr-FR.plg_socialpromoter_stilerospfacebook.ini</language>
        </languages>
    </administration>
</extension>